{
  "username": "atharv.bhatt",
  "dataset_info": {
    "total_samples": 54000,
    "train_samples": 37800,
    "val_samples": 8100,
    "test_samples": 8100,
    "train_mean": -0.000682668703703704,
    "train_std": 0.16140993453374167
  },
  "best_models": {
    "LinearAR": {
      "history_length": 10,
      "parameters": 11,
      "coefficients": [
        -0.009184027090668678,
        -0.017806416377425194,
        -0.0728348046541214,
        0.15258046984672546,
        0.08915700018405914,
        -0.07900303602218628,
        -0.0653815045952797,
        -0.03704000636935234,
        -0.04232726991176605,
        0.032726917415857315
      ],
      "bias": 0.0024883795995265245,
      "test_mae": 0.03883359892256453,
      "test_mse": 0.023473774715390562,
      "test_rmse": 0.15321153584306424
    },
    "MLP": {
      "history_length": 10,
      "parameters": 897,
      "test_mae": 0.03891471852014735,
      "test_mse": 0.023290461908608368,
      "test_rmse": 0.1526121289695166
    },
    "GRU": {
      "history_length": 10,
      "parameters": 273,
      "test_mae": 0.040658228552681926,
      "test_mse": 0.02349434181933013,
      "test_rmse": 0.1532786411060919
    }
  },
  "analytical_recurrence": {
    "order": 10,
    "coefficients": {
      "theta_1": -0.009184027090668678,
      "theta_2": -0.017806416377425194,
      "theta_3": -0.0728348046541214,
      "theta_4": 0.15258046984672546,
      "theta_5": 0.08915700018405914,
      "theta_6": -0.07900303602218628,
      "theta_7": -0.0653815045952797,
      "theta_8": -0.03704000636935234,
      "theta_9": -0.04232726991176605,
      "theta_10": 0.032726917415857315
    },
    "bias": 0.0024883795995265245,
    "equation": "   x_k = -0.0092\u00b7x_{k-10} -0.0178\u00b7x_{k-9} -0.0728\u00b7x_{k-8} + 0.1526\u00b7x_{k-7} + 0.0892\u00b7x_{k-6} -0.0790\u00b7x_{k-5} -0.0654\u00b7x_{k-4} -0.0370\u00b7x_{k-3} -0.0423\u00b7x_{k-2} + 0.0327\u00b7x_{k-1} + 0.0025",
    "test_mae": 0.03883359892777705,
    "test_mse": 0.023473774714601086
  },
  "multistep_forecasting": {
    "horizon_1": {
      "LinearAR": {
        "mae_mean": 0.009730216021079749,
        "mae_std": 0.023095639930497527,
        "mse_mean": 0.0006280856876160691,
        "mse_std": 0.0017788846427344688
      },
      "MLP": {
        "mae_mean": 0.012165581730906413,
        "mae_std": 0.02979747580377805,
        "mse_mean": 0.0010358909431281023,
        "mse_std": 0.0035927314481086553
      },
      "GRU": {
        "mae_mean": 0.009975208497506171,
        "mae_std": 0.019858743419857938,
        "mse_mean": 0.0004938744747844705,
        "mse_std": 0.0015168889272596166
      },
      "Analytical_LinearAR": {
        "mae_mean": 0.009730215113680538,
        "mae_std": 0.02309563758239365,
        "mse_mean": 0.0006280855614957711,
        "mse_std": 0.0017788842849227465
      }
    },
    "horizon_5": {
      "LinearAR": {
        "mae_mean": 0.005645125566332646,
        "mae_std": 0.010689650085489924,
        "mse_mean": 0.00023159630818333593,
        "mse_std": 0.0005848027275640637
      },
      "MLP": {
        "mae_mean": 0.007696459956667678,
        "mae_std": 0.01614006481827375,
        "mse_mean": 0.00044695048070214426,
        "mse_std": 0.0011793656074763513
      },
      "GRU": {
        "mae_mean": 0.007814779889046098,
        "mae_std": 0.014024263990961346,
        "mse_mean": 0.00031018295756859944,
        "mse_std": 0.000931922497234362
      },
      "Analytical_LinearAR": {
        "mae_mean": 0.005645125562847007,
        "mae_std": 0.010689649843484217,
        "mse_mean": 0.00023159630628533288,
        "mse_std": 0.0005848027037687132
      }
    },
    "horizon_10": {
      "LinearAR": {
        "mae_mean": 0.004915279208454975,
        "mae_std": 0.009374966197514309,
        "mse_mean": 0.00016484218928956195,
        "mse_std": 0.0004113767464216249
      },
      "MLP": {
        "mae_mean": 0.00576418336017057,
        "mae_std": 0.0114263760356302,
        "mse_mean": 0.00026729066300627065,
        "mse_std": 0.0006970351330800772
      },
      "GRU": {
        "mae_mean": 0.006875527016758508,
        "mae_std": 0.011316623387853319,
        "mse_mean": 0.00023784695426110592,
        "mse_std": 0.0007113677426553093
      },
      "Analytical_LinearAR": {
        "mae_mean": 0.00491527928697439,
        "mae_std": 0.009374966150837718,
        "mse_mean": 0.0001648421914382684,
        "mse_std": 0.0004113767394005895
      }
    },
    "horizon_20": {
      "LinearAR": {
        "mae_mean": 0.016425524024608833,
        "mae_std": 0.04599115076480097,
        "mse_mean": 0.0097648330092413,
        "mse_std": 0.03380108676371807
      },
      "MLP": {
        "mae_mean": 0.016624272853485104,
        "mae_std": 0.046019006618082454,
        "mse_mean": 0.00981163695494495,
        "mse_std": 0.033793343763799145
      },
      "GRU": {
        "mae_mean": 0.018079373727276086,
        "mae_std": 0.04585752008068293,
        "mse_mean": 0.00976994820271635,
        "mse_std": 0.03366806493136529
      },
      "Analytical_LinearAR": {
        "mae_mean": 0.0164255240685853,
        "mae_std": 0.04599115074854212,
        "mse_mean": 0.009764833010253306,
        "mse_std": 0.033801086763180936
      }
    },
    "horizon_50": {
      "LinearAR": {
        "mae_mean": 0.0277857536372886,
        "mae_std": 0.036905671594563816,
        "mse_mean": 0.01465042522891429,
        "mse_std": 0.020567869114008243
      },
      "MLP": {
        "mae_mean": 0.027871406957928967,
        "mae_std": 0.03687299259848597,
        "mse_mean": 0.014669533000520669,
        "mse_std": 0.020557160954467787
      },
      "GRU": {
        "mae_mean": 0.029196522865165126,
        "mae_std": 0.036500928503916334,
        "mse_mean": 0.014638088954130815,
        "mse_std": 0.020503930411749905
      },
      "Analytical_LinearAR": {
        "mae_mean": 0.027785753654924233,
        "mae_std": 0.03690567158073913,
        "mse_mean": 0.014650425229344196,
        "mse_std": 0.020567869113694442
      }
    },
    "horizon_100": {
      "LinearAR": {
        "mae_mean": 0.045715796988903816,
        "mae_std": 0.015185129209674774,
        "mse_mean": 0.024588787894451812,
        "mse_std": 0.010466538042784674
      },
      "MLP": {
        "mae_mean": 0.04577630877273005,
        "mae_std": 0.015127576500527522,
        "mse_mean": 0.024597807370873186,
        "mse_std": 0.010449327799741677
      },
      "GRU": {
        "mae_mean": 0.04693017346265508,
        "mae_std": 0.014884375522732415,
        "mse_mean": 0.024602011390283722,
        "mse_std": 0.010439314644750763
      },
      "Analytical_LinearAR": {
        "mae_mean": 0.04571579699783506,
        "mae_std": 0.015185129203182813,
        "mse_mean": 0.024588787894732952,
        "mse_std": 0.010466538042276267
      }
    },
    "horizon_200": {
      "LinearAR": {
        "mae_mean": 0.04498887055385103,
        "mae_std": 0.01246404380770169,
        "mse_mean": 0.02358984810881058,
        "mse_std": 0.007894139261920232
      },
      "MLP": {
        "mae_mean": 0.045038464750159934,
        "mae_std": 0.01244404625963118,
        "mse_mean": 0.02359413066079693,
        "mse_std": 0.007885121353571533
      },
      "GRU": {
        "mae_mean": 0.04616516370597368,
        "mae_std": 0.012303054988463595,
        "mse_mean": 0.02360637106378339,
        "mse_std": 0.007884129389328346
      },
      "Analytical_LinearAR": {
        "mae_mean": 0.044988870559559184,
        "mae_std": 0.012464043802127121,
        "mse_mean": 0.023589848108935153,
        "mse_std": 0.007894139261600954
      }
    }
  },
  "stability_analysis": {
    "num_seeds": 10,
    "val_mae_mean": 0.04008010750937793,
    "val_mae_std": 0.001208237438603445,
    "test_mae_mean": 0.03934047404980053,
    "test_mae_std": 0.001127014640452878,
    "coefficient_of_variation": 2.864771377757692
  }
}